userName,content,score,at,thumbsUpCount,review_length,sentiment
Dawn Lowe,its hard for older peeps to work on this app,3,2026-06-19 00:29:09,0,44,Neutral
Luz Hernandez,sucks,1,2026-06-18 10:20:40,0,5,Negative
Mandi,simple process very pleased,5,2026-06-18 04:41:24,0,27,Positive
Allen Tartet,"thus, great service.",5,2026-06-18 04:02:35,0,20,Positive
Ray “Turtleeyes” DeWitt,helpful app,5,2026-06-16 23:06:36,0,11,Positive
Peggy Stewart,Great place to live move in was very good 👍,5,2026-06-15 20:08:44,0,43,Positive
William Horn,this app sucks what happened to the good old days when you paid your rent an moved on,1,2026-06-15 01:35:05,0,85,Negative
Denise Hall,wi can't seem to get access to the app. what's going on with this app,4,2026-06-14 04:12:53,0,69,Positive
Tosha Gordon,Sadi was great to work with during this process.,5,2026-06-13 04:17:51,0,48,Positive
Nicole Donovan,Can't upload proof of insurance,1,2026-06-12 01:08:05,0,31,Negative
Daisaku Kuze,"DOES NOT WORK, won't login. Neither will the mobile site. You have to use a desktop computer and desktop browser. Using Desktop view on mobile browser won't work either. They charge a processing fee for payments and this is the result.",1,2026-06-11 20:51:51,0,235,Negative
Eva Andy,easy to do,5,2026-06-09 21:05:25,0,10,Positive
Benjamin Crowley,very easy!,5,2026-06-09 17:39:19,0,10,Positive
Erica Saintulus,Ms Brown was just awesome and amazing and get everything fast and efficient everything was in order she was very quick to respond to all my concerns and needs,5,2026-06-08 07:41:45,0,158,Positive
Tenika “TStar”,this how I keep up with my monthly payment for rent,5,2026-06-07 02:53:04,0,51,Positive
Rick Ross,great,5,2026-06-06 14:15:25,0,5,Positive
MARK on point,"omg......horrible bright white screen painful to my eyes , needs a dark mode badly as im light sensitive and also work nights and dark environments soo again the bright screen is unsafe to use and blinding......Will anyone even see this review",1,2026-06-05 04:53:18,2,243,Negative
Ann Grant,this portal doesn't work at all,1,2026-06-05 01:41:45,0,31,Negative
Alex Hermosillo,never response for maintenance. now won't load.,1,2026-06-04 17:07:16,0,47,Negative
Sally Moody,We used this app for the lease and most of the time it worked great.,5,2026-06-04 08:38:51,0,68,Positive
Todd Brock,absolute POS app you want to use your debit card to pay on the app on your phone because that's the way that we do things in 2026 especially on our phones no it's a $9.99 fee it's $9.99 fee every time you pay your rent so you're paying an extra $120 a year to this app it's the highest merchant have ever seen on a transaction.,1,2026-06-04 06:37:42,0,327,Negative
Lawrence Raibon,Great app,5,2026-06-03 16:54:14,0,9,Positive
Hari Ganti,"Absolute garbage logged me out randomly and does not log in at all. After trying 3 times to enter my email, password, and 2FA code, I've given up on this trash",1,2026-06-03 13:05:43,0,159,Negative
wendi sackman,Tammi was amazing She made the whole process painless. Thanx Tammi. I love the new apartment. And all the neighbors introduced themselves. How cool is that. I may never leave.,5,2026-06-03 00:08:41,1,175,Positive
Kimberly Stover,Easy 2 use and very helpful and smooth,5,2026-06-02 19:45:23,0,38,Positive
Benita Gray,"Again, for the third time; I'm trying to pay my rent and the app is not working. I put in my email and password and click login and then it goes back to the same login page. I need to pay my rent and I shouldn't have to go through this craziness every month!!! Especially when they charge you $9.99 processing fee!!! I will make it my business to find who you talk to to get my property manager to switch to a different app because this app sucks!!!",1,2026-06-02 04:03:02,3,449,Negative
Delis Higinio Bonilla,"Let them know you were Referred by me Delis Higinio and get VIP treatment. From Ruben the Property Manager,Yulima office leasing and face of Flats to Jose, Leandro, Christian,Maintenance team. Kudos to each and one of them all. Property is amazing, clean, easy access to all amenities. prices for all your getting 5⭐. Service, assistance,treatment,support and respect in all aspects and needs when it has to do with us residents. Flats at Vine St Kissimmee above and beyond.",5,2026-06-02 02:02:11,0,474,Positive
47openmind,very helpful 👌,5,2026-06-01 22:58:55,0,14,Positive
Saint Jargo The Real Yeti,it need a lot of work,2,2026-06-01 19:29:27,0,21,Negative
chris Felty,the only way to pay my rent,5,2026-06-01 12:43:05,0,27,Positive
Privacy Act Moore,Not Good with wifi connection sometimes,3,2026-06-01 05:27:26,0,39,Neutral
Requiems Lullaby,"this app is beyond buggy and offers no support for residents. it will log you out randomly. and when you try to log back in, it asks you to input a code from ""unnamed"" despite having no previous issue with logging in. then when you reach out, they do nothing to help you. lawyer up if this happens to you because youve been denied rights as a resident.",1,2026-06-01 03:52:45,0,352,Negative
Robert Backus,this is the worst rent payment app I highly do not recommend this app its almost impossible to Uninstall the only way is to force stop hope this help the next sucker,1,2026-05-31 02:45:36,0,165,Negative
Rubyrose,kept messing up during lease singing but other than that it was great!,3,2026-05-29 20:45:37,0,70,Neutral
Shaquille Ziegler,Thank youuuuuuuuuuuuu!,5,2026-05-29 05:06:44,0,22,Positive
Jonah Reed,"rents already expensive, I shouldn't have to pay money to pay rent",1,2026-05-28 23:58:28,0,66,Negative
De H EATON,"I am finding it difficult to remain patient with this app. Unfortunately, the staff at the office are being impacted as a result of its malfunction. This is preventing me from even signing my lease. I am able to make payments, but I am unable to sign the lease. I would appreciate it if you could clarify this situation. Please address the issues with your app.",1,2026-05-28 05:20:04,0,361,Negative
Gayle Terry,having difficulty needing more wi-fi,5,2026-05-27 21:27:23,0,36,Positive
Phillip Yee,Very well managed.,5,2026-05-27 16:38:43,0,18,Positive
Stephany Mullaly,"I am a tenant and my property management company decided to switch to AppFolio for their maintenance system. The problem? There is no way for the tenant to reply to questions in an active maintenance request. If the maintenance folks ask questions on the request, they will get complete radio silence back and assume the tenant has ghosted them. Absolutely useless.",1,2026-05-22 23:04:58,2,365,Negative
Jw,very informative and helpful,5,2026-05-22 19:39:52,0,28,Positive
Ironcrane2003,"App is extremely questionable. When trying to upload my Renter's insurance policy, I couldn't. The Help documentation told me to press buttons and links that literally don't exist in AppFolio, there was no way to contact anyone to find an answer, and the only option available in the app was to sign up for one of their insurance plans. I suspect this is intentional and predatory. Had to resort to means outside AppFolio to resolve things.",2,2026-05-22 04:07:38,3,440,Negative
Zach Fiore,property just switched and app doesnt do anything. login button doesnt work. tos button doesnt work... just stays on main screen,1,2026-05-21 12:58:37,0,128,Negative
Zachary Meacham,"tried signing in on the browser and every time I put in my info it just went back to asking for email and password. I was able to log into the app, but all it shows is a white screen with my address on it. I wouldn't trust appfolio with $1 much less my entire months rent. just pay at your property managers office if possible.",1,2026-05-21 03:55:39,1,327,Negative
Dawn Haken,"The change from a maintenance request form to an AI chatbot has been very bad. I spent 5 minutes explaining my issue to it and then I had to argue with the AI because it refused to create the work order until I told it that my property manager ask me to do this. Then the form failed to submit two times with a ""something went wrong"" error, before finally sending me back to the old manual entry form, which took all of 15 seconds for me to fill out and submit.",2,2026-05-19 22:33:43,2,461,Negative
Pasang W Norbu,"I was trying to create a new account or sign up, but sign up page/tabs are absent. It directly takes me to 'sign in' page. How can I sign in when I have not even created account in AppFolio? I found it very weird.",1,2026-05-19 08:51:23,2,213,Negative
Cindy Buterbaugh,June 3rd pay one month and half of rent July 3rd do the the same that will clear and update any of rent. Thank you.,5,2026-05-15 17:20:05,0,115,Positive
Darlene Johnson,works great 👍,5,2026-05-14 16:51:52,0,13,Positive
Kaya,so broken. I cant even make an account,1,2026-05-11 20:39:38,0,38,Negative
Laura DiRico,won't open,1,2026-05-10 07:29:17,1,10,Negative
Hector Rodriguez,can't even open app,1,2026-05-10 00:39:41,0,19,Negative
James Tillman,it's easy to learn and offers help when needed,5,2026-05-09 19:52:22,1,46,Positive
Asfaw Buru,it is terrible app,2,2026-05-09 08:21:47,0,18,Negative
Tonya Pizzuro,impossible to set up account...,1,2026-05-09 07:15:03,0,31,Negative
Trisha Tower,I cant reset my password 😫,1,2026-05-08 19:53:42,0,26,Negative
Bob Cats,I don't like this app one bit. It's set up poorly and I ended up somehow purchasing renters insurance through this app when I already have it.,1,2026-05-08 00:49:24,1,142,Negative
Keisha Keller,can't get it to work,1,2026-05-08 00:23:21,0,20,Negative
Oswaldo Mendez,the best,5,2026-05-07 10:14:10,1,8,Positive
Lee Thomas,keeps saying type in the wrong password when I know I didn't. Then I try and create a new one and still say I put in the wrong password.,1,2026-05-06 07:18:52,1,136,Negative
Mr Baker,"literally does not work at all. Uninstalled and reinstalled on 3 different devices, everytime all I get is a white screen after signing in. Can't do anything online, because it automatically reroutes you to the app, even if not installed.",1,2026-05-06 03:38:18,4,238,Negative
Tonya Dreilinger,wonderful,5,2026-05-04 15:10:33,1,9,Positive
BK Brown,sucks,1,2026-05-04 08:59:04,0,5,Negative
Lynn Scott,great,5,2026-05-03 09:10:54,0,5,Positive
Lauren Míller (Meta),Haven't gotten an opportunity to use it yet. My past property management wouldn't help me obtain any of my account information (email) associated with it.,5,2026-05-03 04:48:22,0,154,Positive
Denise Hardin,The Maintenance Request option is not working.,1,2026-05-02 21:59:40,1,46,Negative
Ashten Smith,A whole Unprofessional mess.,1,2026-05-02 13:24:09,0,28,Negative
KentuckyFryedStalin,suffering,1,2026-05-01 21:47:50,0,9,Negative
"Rhonda Wills,T",so convenience.,5,2026-05-01 07:54:54,0,15,Positive
Kathy Gural,Doesn't Work...unable to connect.,1,2026-05-01 07:26:55,0,33,Negative
Erick Tolston,nothing working,1,2026-04-29 09:15:07,0,15,Negative
phyllis beaugard,It was very good,5,2026-04-27 12:39:41,0,16,Positive
Angela Castellani,worst rent app ever I've always paid my rent early yet app won't let me do online payments says contact landlord I've left messages and texted them with no resolution they never call me back this is most unprofessional app I've ever seen for any landlord,1,2026-04-27 08:57:05,3,254,Negative
Benjamin Duff,"NEED HELP ASAP!!!! I selected an old residence within the app, and it shows ""Something went wrong, we are having trouble connecting your account"" and I am unable to switch it to the current location! I am locked out from the app because of a stupid coding choice. All I need is to be able to change the rental location to my current, but every time I log in, it defaults to the old location then shows I can't be connected. FIX IMMEDIATELY!!!",1,2026-04-27 07:49:27,8,442,Negative
Russell,I like this app because it's where I pay my rent and I don't have to go to the company,5,2026-04-26 15:44:50,0,86,Positive
Guilherme Ribeiro do Valle Nogueira,I am locked with my previous landlord and Appfolio won't let my new landlord register me.,1,2026-04-24 02:04:26,0,89,Negative
david howerton,Reformation Asset does not update their renters information.,1,2026-04-23 21:28:51,0,60,Negative
Kassidi Hicks,way to many bugs. terrible app with no option to use another.,1,2026-04-22 23:36:16,0,61,Negative
stalinisin,I I put in my login information and click login. am sent back to the log in page and gave to keep putting in my information but am again sent back to the login page non stop.,2,2026-04-21 17:23:24,1,174,Negative
yaya kyng,been trying to pay my rent for few days on thius horrible app keeps sasying that my bank is declining my payment method that I have been using for a while now me and my property manager have working on trying to get this resolved since 9am this morning it is now 615pm on Monday and appfololio has no way for residents to call in and speak with someone only the manager can call in or text someone via chat which is bs appfolio says it mybank k but my bank has said iut not them even chatted with,1,2026-04-21 06:47:52,0,496,Negative
Daniel McEwen,"it pays My rent without any effort from me, and it's very inexpensive if you do it the right way.",5,2026-04-16 20:46:07,1,97,Positive
Joseph Gibson (Jalite The God),Great way to pay my rent love it so far no problems,5,2026-04-16 06:34:16,0,51,Positive
Chris Muncy,Just downloaded this app and I made a password and gave it my email and it says doesn't recognize my password try to send a forgot my password so I update my password to my email and it's not receiving it at all no matter how many times I send it. My email notify me every time I get an email tried testing it by purchasing off my PS5 to see if the same issue continue but my email notify me but this app won't notify me on this app. -5 stars it doesn't work.,1,2026-04-14 23:38:25,3,459,Negative
Steve Thronebury,super easy to use!,5,2026-04-09 10:59:47,1,18,Positive
jane moore,not able to get into the portal,1,2026-04-08 07:53:58,0,31,Negative
gelfling6,"minor problem, that was overlooked.. the app has entry for an email, and a password.. one simple question.. how does one go about creating an account? where do I register a password?",2,2026-04-08 03:00:30,1,182,Negative
Candi Maines,easy to use,5,2026-04-08 01:36:52,0,11,Positive
Pambo,It's not worked in over a year then I get real mail saying your system was hacked,1,2026-04-07 20:23:41,0,81,Negative
Valerie Finley,Secure online is a great place to pay rent and purchase renters insurance. I pay less than $15 to use their safe secure portal. Very thankful for your professional portal services. Excellent job developers. 🤗🙌,5,2026-04-03 12:39:25,5,209,Positive
Joanne Warren,it won't let me back in to finish my lease. page about mold is missing and from there it just keeps loading. don't know what to do.,2,2026-04-02 13:31:41,2,131,Negative
Michael Hagadus,I can't save it to my home page. why use the app. I can just use the web page.,1,2026-04-02 00:18:27,1,78,Negative
PacWest FS,"I have to use this app and it has been fine for the most part except now the app doesn't ever recall my username, I have no way to add more than one bank account, which is normal on any payment accounts I use in business and life. Plus, there is NO way to email support to make the suggestion of having more than 1 payment or bank account setup. The PM company says there is nothing they can do and they refuse to make the suggestion. Then, of course the PM makes us pay the convenience fee!!",2,2026-04-01 21:48:42,5,492,Negative
Alan Rujano,it doesn't have 2 spaces to set up for pass word,1,2026-04-01 05:19:58,1,48,Negative
Rob J Jsr,will not reset my password,2,2026-04-01 05:15:40,3,26,Negative
MaryAnn Harris,This portal should be available on iPad and pcs and laptops. My phone is currently broken.,2,2026-04-01 01:23:37,0,90,Negative
Kathrine Ezeribe,app is not responding and logged me out.,1,2026-04-01 00:23:10,3,40,Negative
A Meza,"it is very clean, newly remodeled maintenance is always there when needed.. paying rent is super easy ,,, online.. very common sense management...",5,2026-03-31 05:04:55,0,146,Positive
Mark Keenan,denied me access to account charges expensive transaction fees and refuses to send forgotten password sign in not permitting me.to even try to recover account access while still owing for the property land lord said the app is a operate company they'd reach out to get me access but why would I have a separate company for my rental payment that's directly to the landlord $9.99 every time you pay rent is insane,1,2026-03-30 22:01:47,5,412,Negative
Aaron Trevino,Still trying to log in. App is te rrible,5,2026-03-30 04:27:14,3,40,Positive
ahmed jibril,very good,5,2026-03-28 06:52:23,0,9,Positive
Lawrence Fernãndez,easy way to pay your rent and safe you time not going to the post office for money order,5,2026-03-26 01:19:48,1,88,Positive
Matt Queen,they never do any of the maintenance request,1,2026-03-25 14:49:49,1,44,Negative
Jon Hutcherson,"This app will not allow me to log in. Every time I try it takes me back to the beginning, with the blue Log In button at the bottom. This has been happening for over a month now.",1,2026-03-24 14:57:56,0,178,Negative
Katie Allen,The new AI chat bot for maintenance requests is TERRIBLE. Takes forever to get through and is honestly useless. bring back the simple forms where I can type in my request and get on with my day,1,2026-03-24 02:32:23,0,193,Negative
Cassie Sue Rose,Makes it Easy to pay rent.,5,2026-03-21 13:19:16,0,26,Positive
Vicki Gardner,Issues with signing in or even trying to reset password.,1,2026-03-21 09:27:18,0,56,Negative
BeLinda Newman,I just use it to pay my rent no problems,4,2026-03-20 16:23:36,0,40,Positive
Richard Arroyo,this app did not work for me .it changes password and makes it difficult just to subscribe. my opinion. bogus application that insults what ever intelligence i had to cope.black listed.,1,2026-03-20 05:37:59,2,185,Negative
D'Neydra Fleming,Awesome experience and so easy! Thank you Rent-Ready! 👍😃👍,5,2026-03-19 22:15:04,0,57,Positive
Armando Gonzalez,good enough.,5,2026-03-18 18:09:39,0,12,Positive
james moore,keeps me up to date on my rent,5,2026-03-18 14:32:07,0,30,Positive
Kurt W.,"as of a recent update, I can't log in at all.",1,2026-03-18 09:19:04,0,45,Negative
Marcos Dominguez,Unable to submit a maintenance request. I get an error stating that an error has occured.,1,2026-03-17 10:13:10,1,89,Negative
Ace Gonzalez,"updated 3/16/2026 NEW UPDATE SAME ISSUE AS LAST YEAR. cannot access my account, tells me to use authenticator and I input the correct code but gives prompt it is ""invalid"". is there an issue with recent update?",1,2026-03-17 01:37:24,0,210,Negative
Rosa M Hernandez,ok,5,2026-03-16 21:35:42,0,2,Positive
paula bosch,Can't set up mobile app.,1,2026-03-16 21:22:17,0,24,Negative
Daren Bechtol,it keeps all my files,5,2026-03-15 09:05:26,0,21,Positive
Ann,super good,5,2026-03-14 14:58:56,0,10,Positive
Angela Michelle Carrier,So far so good as of 3/12/26.....I have my lease right there. I am moving in on 4/1/26 so I do like the whole concept of having the checklist right in the beginning to make sure I dont forget anything and let's me know what happens if x y or z doesn't get done before such a such date. Very organized and simplified. I will be sure to update my review if needed to be.,5,2026-03-12 11:17:33,10,368,Positive
Don Short,Only goes straight to login can't setup acct,1,2026-03-12 03:52:32,1,44,Negative
Pacheco Florencio,it has so much fun,5,2026-03-11 23:23:24,0,18,Positive
Quincy McBean,awesome 👌,5,2026-03-08 23:52:39,0,9,Positive
Cynthia Lynn,I paid part of my rent. Was not taken out of my bank account but I still received an email confirmation. 🤦🏻‍♀️Money orders is the fastest way I guess.,1,2026-03-07 20:07:08,3,150,Negative
Shelly Farris,awesome,5,2026-03-07 19:39:06,0,7,Positive
Greg,can't louge in at all can't get help even if I ask 🤷,1,2026-03-05 13:42:12,1,52,Negative
Jodee Meyer,love it for paying my rent,5,2026-03-05 12:30:17,0,26,Positive
Vision Ray,This app has become an aid for landlord scams.,1,2026-03-04 15:27:37,1,46,Negative
Cheryl Flynn,I work in a leasing office and there have been ongoing issues for the past week. Residents can't login to pay their rent. Whatever glitch this is needs to be fixed immediately.,2,2026-03-03 20:58:06,5,176,Negative
Josh Brady,password and email issue,1,2026-03-02 05:27:40,1,24,Negative
Nicole B HJay,Easy to use and no glitches!,5,2026-02-28 05:25:35,0,28,Positive
Alyssia Corbett,love using this online portal to my apartment complex that my mom and I live at and we have been living here for 10 months it will be 1 year as of 4/23/2026,5,2026-02-27 23:41:21,1,156,Positive
Mariam Alsheikhly,I'm hoping this app is down because I can't log in. I need to pay my rent.,1,2026-02-26 23:08:37,1,74,Negative
Carlie,It was easy to use🙂,5,2026-02-26 17:47:30,0,19,Positive
merry rose,Very good,5,2026-02-26 03:55:12,0,9,Positive
Neena Coulter,When you submit a maintenance request if you try to include a picture it WILL NOT submit,2,2026-02-25 04:47:01,1,88,Negative
Athena Gilbertson,"Just like others have posted about this app it's beyond annoying! I'ts not my choice to use - its the Landlord's or rental Company they choose. App won't recognize my password - so you do it again, and again, and again, etc... it doesn't work- so you keep having to recieve email after email to change your password- which they won't recieve either!! Worst app- Ever!",1,2026-02-24 21:31:56,9,367,Negative
sab Gall,"don't trust ""companies"" or private renters who use this .. the crook who got us.... is able to control the app in fraudulent bad business ways erase leases . remove walk in contacts...",1,2026-02-24 17:50:32,1,184,Negative
Jannie Alston,I have to reset my password. When I send to both my emails it never shows up. Help,2,2026-02-24 17:03:06,3,82,Negative
Nicki Williams (TAURUSBAE50),can't sign in this app,1,2026-02-24 16:56:57,1,22,Negative
Kimberly Carissa Dent,"this app interupts and reminds me to pay like we would forget to pay rent OMG, uninstalled",1,2026-02-23 08:28:50,0,90,Negative
Theresa Binford,Not good too complicated,1,2026-02-23 04:54:57,0,24,Negative
Marie Dietel,can't open the app it's frustrati ng 😒 comes up does not match somebody do something about that.,1,2026-02-18 22:39:15,2,96,Negative
wilkyns melendez,this people are the worse.. to get some to fix something its like waiting for winter again ... my oven broken 4 month window boker 3 weeks... i cant pay my rent the app doesnot work. do t rent from thix people you will regret just lime i did.,1,2026-02-18 22:08:48,1,242,Negative
Gary March,"The app is generally easy to use. HOWEVER.....It was updated late in 2025 and one can only log-in if using Chrome (On an Android device) or MS Windows; MS Edge is a ""No No"" (Not sure about the other browser platforms). I only determined this by much tearing-out of hair and experimentation. One would think that AppFolio could post something to that effect on the home page. How hard could that be to do?",3,2026-02-17 19:56:22,10,404,Neutral
David J Arteche,scam. rented an apartment that turned out to be a hotel room after the 6 month lease was up,1,2026-02-16 06:28:31,0,91,Negative
Vivian Rinehart,easy to use.,4,2026-02-12 07:14:12,0,12,Positive
diane Butler (meme),Awesome,5,2026-02-11 09:19:50,0,7,Positive
Janet Quinn,works well for me if the management company lets it alone,4,2026-02-11 04:52:50,0,57,Positive
Lety,muy facil,5,2026-02-10 06:46:10,0,9,Positive
Inbal Kavaler,something changed and I am unable to login on my phone.l; only desktop works.,1,2026-02-10 00:45:09,0,77,Negative
Suzanne Martin,need reference number,5,2026-02-07 04:30:28,0,21,Positive
Malissa Bennet,cannot get into the maintenance I'm not paying $10 every time I want to pay my rent it sucks,1,2026-02-07 01:07:36,0,92,Negative
Denise Sanders-Powell,unable to login sent me a email then when trying to login in keeps kicking me out say nothing just keep asking for email this is horrible yes it will not let me login in it keeps asking for email I keep putting in the email and it sends me right back to the begin I need help,1,2026-02-06 18:59:16,6,275,Negative
Grace Fianciah,Bad,1,2026-02-04 21:30:49,1,3,Negative
M. Jordan Westby,"forcing AI on us through the work orders. App devs, be ashamed of yourselves.",2,2026-02-04 17:16:59,1,77,Negative
Derec Pemberton (Micro Syko),sometimes I wish it would glitch up and I wouldn't have to pay my rent,3,2026-02-04 14:13:23,1,70,Neutral
Tony Sanders,will not hook up,1,2026-02-03 22:49:10,1,16,Negative
Anna Galang,your app isn't working. I am trying to log in but it is not working. The reset password is not generating the 6 digit code. HELP!!! GRRRRR,1,2026-02-03 02:02:05,2,138,Negative
Louise Morton,I can't open the app,1,2026-02-02 00:40:14,0,20,Negative
Robert Feller,sucks to pay to pay a bill it's like paying taxes on your taxes,1,2026-02-01 10:40:28,1,63,Negative
roberta burke,it wants me to sign in but every time I try to it says wrong email and or password Please help me now my rent is going to be late and I don't have extra money to give something is wrong with the app I've never had a problem before I always pay my rent a head of time,5,2026-01-31 14:27:54,28,266,Positive
Ronnie Cunningham,I really enjoy my apartment especially this portal app that clear Mountain properties has allowed us to use it is so convenient and I'm loving my neighbors,5,2026-01-30 07:00:09,1,155,Positive
Brian Walker,all of a sudden can't login...says account is no longer active..never had a problem with paying rent until this morning..I don't know if its the site or yall trying to get more money...greed is usually the cause of certain sites that used to work without issues and all of a sudden you can't even login anymore..people are just trying to survive out here and yall want to be greedy..ask these car dealerships how its working for them..I want to give negative 5 stars since it's the true rating,1,2026-01-28 13:28:06,5,493,Negative
G Muse,"not working, tried all passwords changes.",1,2026-01-27 07:12:07,1,41,Negative
Edward Vincensi,good as expected.,5,2026-01-27 05:57:44,0,17,Positive
Heather Cottner,"The one thing that is just the worst about this app is that it FORCES you to pay $10 extra when paying rent with a debit card or 2.99% with credit. This is something that shouldn't ever be done especially since it's not listed in the contract. Things are expensive enough without needing to pay this app. I know with my business pay sites, I eat those charges myself. The app needs to disclose this.",1,2026-01-24 19:33:56,27,399,Negative
Andy Ramirez,"They make it so difficult to get any assistance. They should get 2 stars instead of 1 because I've never had any issues until today, but they keep giving me the runaround.",1,2026-01-24 02:59:29,3,171,Negative
Theresa,wonderful improvement over previous app folio. much better 😄,5,2026-01-23 22:26:34,0,60,Positive
Tara Patton,I accidentally logged out of this app and now it won't log me in.,1,2026-01-23 07:28:14,1,65,Negative
Aaron Warren,been here awhile now I like it!,5,2026-01-23 00:29:57,0,31,Positive
Terry Preston,can't access the emergency contact part of the app,4,2026-01-22 22:51:51,0,50,Positive
Q Jackson,not working anymore can't login,1,2026-01-21 23:14:08,1,31,Negative
Syed Iqbal,easy to use,5,2026-01-20 08:09:39,0,11,Positive
Cynthia Threat,It's convenient,1,2026-01-17 10:17:09,1,15,Negative
Kyle Crager-Hofferica,"It does nothing but take money. Every time you pay rentt, if you cut your rent half, it'll take your money twice no remorse.",1,2026-01-17 01:45:38,1,124,Negative
Ayan Mullick,Cannot accept Google pay and has an annoying transaction fee for all cards.,2,2026-01-14 06:29:04,1,75,Negative
kamron,For the love of God please get rid of the AI concierge when submitting a maintenance request. Bring back the form to fill out,1,2026-01-12 08:42:11,3,125,Negative
Paul Olivas,"great app convenient detailed although I don't like the ledger formate complicated( forme anyway) to read maintenance calls, renters insurance among other things like lease info can be seen done and payed for so I say it's a good app and easy to use",4,2026-01-08 18:25:28,1,249,Positive
Tim Scott,won't let me im🤬,1,2026-01-08 10:21:44,1,16,Negative
MARY JONES,I having problems to open on my phone.,1,2026-01-08 07:18:46,1,38,Negative
Jamie Kenney,it always frezzes,1,2026-01-07 07:14:58,0,17,Negative
Carolyn Farmer,"One minute you can login, next it's down",1,2026-01-07 01:08:52,0,40,Negative
Fam,"can't even log in, what a piece of garbage",1,2026-01-05 06:27:11,0,42,Negative
Débora,My experience with clear Mountain properties delightful throughout the years. thank you Cear Mountain properties for making it easier on the residents in our community using our online portal ❤️ D.P,5,2026-01-04 06:43:50,0,198,Positive
Maude Brooks,It's not working on my phone,1,2026-01-04 05:43:31,0,28,Negative
hizzouse kakashi,"is this a scam? they don't allow cash payments and this app just goes in a circle at log in and if you can't log in you get can't pay and get a late fee this whole thing feels like a scam, 2.99% fee to send the payment and 50$ late fee cause you wont let me log in.",1,2026-01-04 04:19:08,1,265,Negative
mary ayala,trash,1,2026-01-03 06:18:01,0,5,Negative
Lyle Smith,I can't make it work. it asks for information I don't know about. way too complicated.,2,2026-01-02 23:02:52,1,86,Negative
Ethelyn Schaeffer,"no detailed description of items. constantly tells me I owe something. paid one bill, then same day adds another, then im billed for overdue... can't readily find my lease. accessing the lease is PRETTY IMPORTANT. when management responds to a maintenance need it needs to REMAIN UP until customer says it is solved. need a customer response option to BOTH MAINTENANCE AND MANAGEMENT. also need a way to contact either corporate or owner. 0-5 star rating options.",1,2026-01-02 21:19:30,5,463,Negative
Amy Shadley,"can't seem to set up account. I've tried repeatedly, no luck. Nobody at the management team seems to know what activation code they are supposed to email or text me so guess I'll have to continue paying rent through the maiil",1,2026-01-01 07:08:59,1,225,Negative
Ajay Green,it sucks,3,2025-12-31 19:04:54,0,8,Neutral
SGT.J. McBride,"Not working keeps asking for password ,reset it same thing",1,2025-12-31 12:41:48,0,58,Negative
Jacques Malone,working again,4,2025-12-31 00:51:01,0,13,Positive
Donna,can't log in to create account,1,2025-12-29 07:59:41,0,30,Negative
Claude,I am no longer able to sign in using the Google save password. I deleted the app and reinstalled it and still unable to sign in.,1,2025-12-28 20:32:17,1,128,Negative
Debraelaine Wilson,I’m trying to make a payment. I’ve tried several times and the thing keeps saying my information is incorrect. I double check. I triple check my information is correct. What do I do now?,1,2025-12-28 01:11:19,0,186,Negative
Kim “Chogokin666”,"I just registered via my landlord link to pay my rent, the amount was totally wrong, my SCRIE was not calculated I go back into the app to check something ""wrong password"" same pw I just registered with. So I enter email to ""reset password"" no email has come to reset password. So far one day no email. I mean this should not be this difficult",1,2025-12-27 11:00:43,3,343,Negative
kat Easterling,just trying to login to my account first time having to use it and you enter your information over and over and it doesn't do anything awful app,1,2025-12-25 05:48:56,3,144,Negative
G Mail,Isn't functioning to the full extent. Glitchy.,1,2025-12-20 22:49:45,1,46,Negative
Christian M,Replaced the online maintenance request form with an AI assistant that slowly asks the same questions as before with fun loading times between each question.,1,2025-12-19 09:58:37,4,157,Negative
GALE Noble-Smith,Trying to get into this account...It's not sending info into the email...,1,2025-12-17 23:40:51,0,73,Negative
jacques malone,Having problems was functioning not no more,1,2025-12-17 18:38:50,0,43,Negative
Florin Cosarca,sucks,1,2025-12-16 05:12:05,0,5,Negative
Mike Wildenberg,Not comparable Chromebook anymore,1,2025-12-16 01:19:57,0,33,Negative
Tamarina mayes,this app is awful I have had to create a password several times and it still will not let me in I do not like it at all,1,2025-12-15 22:58:48,3,119,Negative
Lydiachef,"Well, since the most recent update the app will not work. It only gives me the ""working"" spinning blue circle. Very frustrating as this is the only way the property management company accepts payments. update 12/10/25: installed the recent update that said ""bug fixes"" and now I don't even get my address at the top of the screen, just the spinning blue circle. Uninstalled the app. I'll just use the website, not providing my email to the developer so it can be sold.",1,2025-12-11 06:21:06,5,468,Negative
Michael Santos,Please support dark mode.,3,2025-12-10 18:25:03,0,25,Neutral
Shinryu101,"It doesn't let you pay online??? home page says ""We are currently not set up to take payments online."" how are we supposed to pay the rent??",1,2025-12-09 10:10:41,0,140,Negative
Michele Vega,easiest and most convenient way to both get assistance and if you need to pay for any of your bills,5,2025-12-08 23:41:51,0,99,Positive
Babu Pazhampilly,excellent,5,2025-12-08 20:46:19,0,9,Positive
Paolaobando Paolaobandopereira,Me gusta por qué es súper rapido,5,2025-12-07 21:54:31,0,32,Positive
Terri,this app is really helpful,5,2025-12-05 00:00:47,0,26,Positive
Barbara Boudion,"I have been using this app for quite a while and suddenly it won't let me sign in on my Android phone or Android tablet. When this problem is fixed, I would be happy to go back and give it a five-star rating because it is very useful when it is working.",3,2025-12-04 22:11:45,3,253,Neutral
Cindy Fischer,When I enter my email and password on my phone it does NOTHING. Keeps going to to the Online Portal login constantly. What is the issue 😕 🤔? Please advise ASAP!! I need to pay my rent.,1,2025-12-04 11:04:16,4,184,Negative
Shatante Boyd (SSB),This app sucks. Charges way more to pay rent than the old Rent Cafe portal. I was only being charged a card usage fee of like $3.95 now since everything is switched to this portal the debit card fee is $10. Just adding to the frustration of paying rent online.,1,2025-12-03 18:54:31,5,260,Negative
Leonidas Jackson,keep saying the sytem doesn't match up im put the email not understanding why payment can't go threw,1,2025-12-03 04:47:36,0,100,Negative
Ms. Catherine,it's not working. the login button is greyed out.,4,2025-12-02 21:08:54,0,49,Positive
Emileigh Crissman,"I've used this app for about 4 years required by my property management company with no issues until today. the app looged me out and when trying to log in it just keeps directing me back to the login button. I tried changing my password, closing the cache, uninstalling and re-downloading, turning my phone on and off, nothing fixed the issue.. this will cause me to be late on my rent and incur a late fee as this is out of my control..",2,2025-12-02 03:10:54,3,438,Negative
Troy Cayias,does not work. office refuses to accept debit or credit cards,1,2025-12-02 00:54:32,0,61,Negative
David Pohrman,worked for a few years with no problems. then a change of ownership means new account setup and throw in update. Last month was able to pay rent but this month it says please reauthenticate... what? where? how? app doesn't go beyond login screen. have uninstalled and reinstalled and had property manager resend the link. no progress.,2,2025-12-02 00:12:48,3,334,Negative
melyssa tankersley,"For the last two months this app will no longer load to pay my rent. I have the latest update, but cannot access any information from the app!",2,2025-12-01 08:32:30,1,142,Negative
Wanda Evangelista,I wanted to pay online it's impossible how do you pay your HOA online,1,2025-12-01 00:04:46,0,69,Negative
Marla,Very complicated and Noone to help set it up. I have spent weeks on trying to set it up.,1,2025-11-30 09:45:06,4,88,Negative
Ulysses McCluster,did not want a password now i cant login to pay bills don't remember password feature doesn't work please fix you are holding up Financial processes by not having a easy-to-use and functioning app,1,2025-11-30 05:15:32,2,196,Negative
Rodger Bauer,no not really,5,2025-11-30 04:19:00,0,13,Positive
Gabriela Martinez,This app is terrible It never works.,1,2025-11-30 03:43:32,0,36,Negative
Ryno Productions- X88,sucks,1,2025-11-29 23:15:06,0,5,Negative
Doree Mahr,"bugs , heat in bedroom.",4,2025-11-29 17:45:17,0,23,Positive
Brea Parker,"awful! I went to log in after I've already logged in and paid my first-time balance to move in. Then I go to it and try logging in again, and it tells me that my account is not active. There are literally zero options to help me, and it's not telling me who I could contact for help. This app should honestly have a lower rating. How am I only active one time and then get an in-active status?? This is ridiculous and so inconvenient!",1,2025-11-29 06:21:11,17,434,Negative
Rose Appleton,hate this app,1,2025-11-29 03:20:47,0,13,Negative
Chandler Burrow,"Why can't I login? I've reset my password many times after I try to login, it goes back to the same screen?",1,2025-11-26 16:53:26,2,107,Negative
Terri Lynn Deeds,love the application love the features and the economic cost had to uninstall and I will.reinstall.soon. I had freezes and.glitches leaving hand signature froze on screen and will not change the signature or a few other features eventually crashes or eras saying stop working or try again later does anyone know how to intergrade this app properly to use on.multiple platforms connected to additional apps without crashing my device,5,2025-11-26 10:57:09,0,432,Positive
aver Z,won't open,1,2025-11-25 23:28:31,0,10,Negative
D. Robinson,This app was hidden from me after it updated. It was visibly on my phones desktop now I can't find it nor open it from my front page app finds,1,2025-11-20 16:45:13,1,142,Negative
Norman Walimaki,the update helped thank you. I will raise the star to 5 when I use it for a few more months. so far np.,5,2025-11-20 01:34:14,11,103,Positive
Michelle,Another victim of AI slop. This app used to be great until they forced users to talk to an AI to make a maintenance request. It is neither faster nor easier than the old way. Way less convenient and way more irritating. Maintenance requests now take twice as long to put in. If they removed AI completely it would be the perfect app.,1,2025-11-17 17:00:54,4,333,Negative
Bratt MB,Totally surprised. Been using this app successfully for some time. Right after the last update; I can install and uninstall but cannot access anything. Log in screen stays the same and cannot open. Had to go online (desktop mode) just to pay rent. Gave higher rating. Issue fixed and Happy with the results.,4,2025-11-17 10:11:27,14,307,Positive
Lance Romance,Very good app.,5,2025-11-16 01:02:27,0,14,Positive
Sandra Nardozzi,can't find anything. hard to use,1,2025-11-16 00:26:29,1,32,Negative
"Dr. Grandeur, aka: Terrance Jay Decker","Presently, useless won't update won't download says update password to update app won't update your password seems to be stuck in a loop the company charge when it did work was unreasonable. I mean it's their application it's their money it should be a cost of doing business if they want to spend it this way I can pay them electronically immediately without having to spend $11 why should I have a surcharge?! Especially when can be done by a more dependable, functional and safe vendor?",2,2025-11-11 11:28:50,1,489,Negative
Tina Gholston,where do you want me to start their app is hard to access once I finally accessed it it works fine up until they took my money enclosed me severe financial hardship now that the problem is cleared up I can't pay my rent because the app won't let me reset my password I'm 70 years old and I don't have access I don't do anything by email I don't remember passwords I don't know how to access different portals or whatever you call them you can call me or text me that is the extent of my knowledge,1,2025-11-11 04:40:29,7,496,Negative
Bobby Lett,Hasn't given me any problems! Great setup!,5,2025-11-10 15:41:14,7,42,Positive
Joe Men,Lots of mission information.,1,2025-11-09 03:19:10,0,28,Negative
Dawn Zaleski-Ingelsby (Mema),"I want to use the app, I would love the convenience of not having to go and buy 2 money orders. The first time I used the app my bank information couldn't be verified. I asked my property manager to help me, ""I don't have access to your account information. I asked Appfolio they stated there's nothing they can do on the phone ask your manager to call the support line. She states she did and no one else is having a problem. We'll after reading all these reviews, I see that's not true.",1,2025-11-07 18:34:54,1,488,Negative
Brad Miller,very glitchy,2,2025-11-07 11:07:46,0,12,Negative
Lisa M,"I've been using this app to pay my rent about 4 years now (not by choice). Haven't had any issues until today. I keep getting wrong email/password, so I click forgot password received the email and I changed my password just to get the same prompt again. I've already reset my password twice and still can't log in, now I'm gonna get charged a $75 late fee for something beyond my control.",1,2025-11-07 07:43:13,158,389,Negative
Curt Campbell,"we have lived in our house for a year and this app has been broken the entire year. nothing is ever correct on it, it always says there is nothing for you to pay, even on the beginning of the month, even though our rent is due every month. and we get an email every single month saying that our rent is late and late fees have been posted, even though we have never paid our rent late, and we never actually get any late fees.",1,2025-11-06 03:18:06,4,426,Negative
Shawn David,it wouldn't let me log in! how in the hell am I supposed to use it and it doesn't work 😠,1,2025-11-05 03:24:15,1,88,Negative
Rustine Lendermon,set up is very difficult every time I try to log in it never works this app sucks.,1,2025-11-04 18:49:55,1,82,Negative
AD,"App doesn't open and hasn't for quite some time. Update 11/03/25: With a recent update, the app still doesn't open the login screen.",1,2025-11-04 03:19:42,3,132,Negative
Robert Wright,used it first I've thought was petty straight fwð.,4,2025-11-01 09:22:36,0,50,Positive
Charli,I LOVE PORTALS WAIT TIL YOU SEE THE NEWEST ONE,5,2025-10-31 22:50:10,0,46,Positive
Joseph Pompa,can't login,1,2025-10-31 10:06:54,2,11,Negative
hetal patel,"won't log me in, even after few install and uninstall. fix it please",1,2025-10-31 06:26:55,1,68,Negative
Dee Clifton,Good!! It's been a blessing working with all of them,5,2025-10-31 04:14:24,0,52,Positive
Rachel G.,Since the apparent update I can no longer access the app to pay my rent. It kind of defeats the purpose of having this app in the first place if I have to drive 30 minutes one way to pay my rent in person.... change it back or fix what you messed up.,1,2025-10-30 06:21:23,8,250,Negative
Victor Angueira,"just downloaded the app and cant login. when I click login, it opens an internet browser screen in the app. when I enter my credentials and click login, it opens up a new internet edge tab that opens to my default homepage. tl",1,2025-10-28 01:35:15,2,226,Negative
Sherry Bostic,Love it. So concinient,5,2025-10-27 04:56:55,0,22,Positive
Roger Claman,"If I could go less than 1 start i would. I'm not sure what the problem is but it sounds like, from reading other reviews, that some update has happened and now no one can open the app. I'm not sure who your software developers are, but they should be fired immediately. I don't know much about software development but I'm pretty sure even I could create something that at least would open. You guys really screwed the pooch on this one. FIX IT!!!!",1,2025-10-27 00:30:55,18,448,Negative
Patricia Sears,"new installer, but no way for new people to sign in",1,2025-10-25 01:35:32,3,51,Negative
Sabrina Branch,"The app was working but not I can't get into it now. I put in my login, it show my address at the top but only loading and not opening. I am changing my rating from five stars to one.",1,2025-10-24 17:45:06,3,183,Negative
Nicholas Morgan,They charge you for any form of electronic payment. It's just another company providing sub basic service and then using it as a way to nickle and dime people who don't have a choice in which service their landlord uses. They are also constantly trying to sell you services in there. I didn't realize it was possible to make paying rent any more unenjoyable but they perfected it.,1,2025-10-24 00:33:46,2,380,Negative
Walter Chicas Santeliz,barely works.,1,2025-10-24 00:31:59,2,13,Negative
Tequila Lee,unable to get into the app,1,2025-10-23 01:57:16,2,26,Negative
Joben Pedersen,"Cannot switch between different properties/units anymore after the latest update, since they took out the 'View Another Unit' menu option. Thankfully the web page still has this functionality.",1,2025-10-23 00:28:18,1,192,Negative
Bethany Morgan,was going great until recent update and now it won't connect. Have to get on the website to do anything now. Needs to be fixed cause apparently im not the only one.,1,2025-10-21 04:25:59,4,164,Negative
Edna Jones,it's been pretty good but the latest update seems to have broken the app. I just get spinning circles it won't upload so I can use the app. turned on wifi nothing turned off my vpn nothing.,2,2025-10-21 00:33:26,2,189,Negative
Mary O,won't work on the newest galaxy phone now..,2,2025-10-20 10:02:32,2,43,Negative
carleen ceja,my app won't load any ideas????,3,2025-10-18 04:56:49,1,31,Neutral
David Monk,This company takes local monies and transfers them out of state and possibly out of the country. This is purely a monies operation preying and people's needs for a home. They will charge you on everything no matter how well you tend to the place. Use them at your own risk.,1,2025-10-18 01:37:58,0,273,Negative
Barbara Zaroff,Greatly helps.,5,2025-10-17 22:44:08,0,14,Positive
Michele Gray,great customer service,5,2025-10-16 21:53:20,0,22,Positive
Kris,"I need this app to pay my rent, imagine my surprise when I download it and can't even log into it. Please fix this app",1,2025-10-16 00:37:26,1,118,Negative
Sarah Kupka,Can't open documents on the app.,1,2025-10-15 04:24:13,1,32,Negative
Denise Crigler,its starting to be a pain in the neck every time I open this app just a downloading circle on the screen please fix the issue please thank you,1,2025-10-15 01:59:34,1,142,Negative
DFC Slayde,It won't even let you sign in on galaxy fold seven.It just stays on the sign in page,1,2025-10-14 22:18:02,2,84,Negative
Melissa Kangas,struggle with notifications but otherwise easy to use,3,2025-10-13 07:17:00,1,53,Neutral
Chris Lucas,"The site let's you put a charge card in so it can be automatically paid, but when you want to stop it and remove your information it still takes $1.02 (at least on my account), out every month. You can't even call them to remove your charge card info, even though they have a phone number listed for the app developer. The reality company can't even do it so I wish I could report them. When the site gives you the option to remove that's a lie it is still there and charging your card.",1,2025-10-12 08:17:33,94,486,Negative
Kimberly Campbell,will not load,1,2025-10-10 17:32:58,1,13,Negative
Priscilla Alonzo,very informative,5,2025-10-09 19:02:02,0,16,Positive
Heather Bee,great convenient service I dont like the 9.99 charge but hey,5,2025-10-07 21:53:56,2,60,Positive
Debra Barkley,"I didn't get a link to change my u password, I",5,2025-10-06 21:41:05,0,46,Positive
Karen Silver,can use this but nothing else,3,2025-10-03 02:51:49,0,29,Neutral
Katrina Woolley,very easy to use!!!,5,2025-10-02 21:24:10,1,19,Positive
Kitty Meow,"I can't get in, after I log in it brings me right back to the beginning. Idk what to do, I just want to pay my rent.",1,2025-10-02 10:06:38,3,116,Negative
Richard Frost,THIS APP IS HORRIBLE! IF YOU FORGET YOUR PASSWORD IT PUTS YOU IN A LOOP AND WILL NOT LET YOU CREATE A NEW PASSWORD!,1,2025-10-02 02:54:04,3,115,Negative
Brandi Rubio,"Very user friendly and easy to navigate as a tenant. Making my rent payment is quick and easy. Being able to view and save my lease docs is convenient in the app, and having the option to get renters insurance without leaving app is nice too! Nothing negative to say about it. Just a great tool for renters and landlords! Excellent job developers!",5,2025-09-30 10:42:50,42,347,Positive
Luther Rivers,BAD SYSTEM,1,2025-09-30 10:39:43,1,10,Negative
Opinion Haver,I literally can't pay rent because this app has decided my address is somehow not my address.,1,2025-09-30 03:15:33,4,93,Negative
Patrick Dolan,only giving it one to write review doesn't give way to create account poorly managed won't be using again or recommending to anyone used to be okay they used to make the money they made stop all maintenance updates it just turned to a big fat 0,1,2025-09-30 02:37:21,2,244,Negative
Anika “Neek” Rich,I'm unable to log into the app even after i changed my email because it said i had the wrong password.,3,2025-09-29 23:28:06,1,102,Neutral
B,Ridiculous to add a fee for echecks which undermines the convenience of the platform.,1,2025-09-28 22:38:13,6,85,Negative
David Smithson,"convenient, easy to use",5,2025-09-28 03:49:39,1,23,Positive
Michele Gray,love this app it's so good and it's not hard t{ navigate,5,2025-09-27 11:28:44,1,56,Positive
Shan Lin,not very helpful,3,2025-09-27 10:43:27,0,16,Neutral
Samuel Hatman,"Good, but I need an Icon.",5,2025-09-26 21:22:50,0,25,Positive
Daryl Portwood,Works well,5,2025-09-22 01:02:35,0,10,Positive
Lucila Rosso,Is there a way to set up automatic alerts so as to avoid opening the app to check for updates?,3,2025-09-20 05:04:13,0,94,Neutral
Chris McDannold,"App does not send notification. however, Every. Single. Calendar. Event. Sends. An. Email. Plus. Another. For. Schedule. Changes. The people entering events clearly have no idea how to use the app because I often get several emails for 1 event on rapid succession. I want emails to stop and instead drive notifications through the app.",1,2025-09-18 00:36:11,8,335,Negative
Tammy Lopez,charges too much for debit card payments,1,2025-09-17 20:21:39,1,40,Negative
bryen skinner,"App refused to update past 47%; after uninstalling it, it now refuses to complete the installation at 91%. This this showcasing their lack of integrity with their own staff, they won't hire enough people with good market value wages, and so the software is failing and they can't keep up with it. These 1 star reviews have too long of a history with no true resolution involved.",1,2025-09-16 07:30:18,1,378,Negative
The Honest reviewer ?,"the formatting is off on the login page, print off center in box.",1,2025-09-14 17:23:03,1,65,Negative
Robert Lee,use them all the time,5,2025-09-14 04:55:49,0,21,Positive
Rick Wooldridge,"why would anyone give an app that you use to pay rent with online,have any business accessing my audio,pictures and wanting permission to move and delete items on my SD card? that sounds to me like an app being nosey.",2,2025-09-12 16:17:11,1,217,Negative
Gloria dela merced,easy specially for old people..,5,2025-09-12 03:22:10,4,31,Positive
TJ L,"If I a past due balance, and I'm making a payment why does it apply to the most current month and not the oldest? it didn't used to do that, good job to the programmers.",1,2025-09-11 10:48:25,2,169,Negative
Jessica Danielle Orr,Awesome For Rent Payments!! 5 Stars,5,2025-09-09 09:52:08,0,35,Positive
Leyla Ahmed,Ok,5,2025-09-09 02:13:19,0,2,Positive
Rodger DeRamus,"so far, for the fourth day, I can't create an account. I have downloaded the app, and I tried to create an account. It never has a page to create an account. I keep getting a sign-in page, but it says they don't have a record of my account. I filled out one, but now I can't log in.",2,2025-09-05 21:51:17,6,282,Negative
Marlon Scott,it's very inconvenience for me.to.pay.rent on-line,5,2025-09-05 02:23:20,1,50,Positive
Donna Glisson,easy to use,5,2025-09-03 03:12:04,0,11,Positive
JD Magana,"I'm trying to set up a Flex account; since Best Egg is no longer available, and the link seems to be broken!",1,2025-09-02 13:53:18,7,108,Negative
Mary Kay Lawless,"I have a time doing a ""Portal""?",1,2025-09-01 20:58:18,0,31,Negative
Ray Pudwill,Great...,5,2025-09-01 05:51:15,0,8,Positive
Vinayk Acharya,wrost,5,2025-08-30 14:03:19,0,5,Positive
Wendy Veasey,makes paying rent easier.,3,2025-08-30 05:58:51,0,25,Neutral
EVHOA Member,I never receive notifications for this Appfolio...being president & my board members of our HOA this is not time-effective.,1,2025-08-30 02:10:10,1,123,Negative
Ryan Tickner,★TH@NX★To★TeaM★oF★SoLiD★ ★ReaLaToRz★i•&•i★HaVe★BeeN★ iN★BuiSsNeSs with lasT 2 Yearz💪✊,5,2025-08-26 15:30:37,0,85,Positive
Chelsie Tomson,"I don't like this app, it's confusing and it to easy to get hacked",1,2025-08-26 05:12:27,1,66,Negative
MRS AND MR DAVIS,another apartment complex where I lived at almost 2 years ago has every email address I try to login with flag so I can't see the tenant portal 😏🤔 something seems fishy about this,1,2025-08-26 00:45:00,0,179,Negative
Scott Provencio,Why do I have to pay a service fee on top of paying rent when I'm barely scraping by as it is?,1,2025-08-25 00:52:55,0,94,Negative
Janet Turner,Now that I have 2 different properties to utilize this app it no longer works and I have already made sure the app was updated and it now says invalid user name or password for both accounts so much for convenience. Makes me miss apartments com.,1,2025-08-23 22:56:15,3,245,Negative
Kathleen Tripp (BobKats),My mobile home park just went with this portal it hasn't been a great success as of yet it's been live for about a month to 6 weeks. if we file a maintenance request we never get a response through the portal they are claiming they're sending out emails through the portal to notify residents about different things. I have asked a few of my neighbors not one of us have ever received any emails through the portal yet management can you send a list showing you open the emails when they are not ther,1,2025-08-22 20:03:18,2,500,Negative
Toni Swift,Easy to use,5,2025-08-19 02:49:23,0,11,Positive
Tamara Renee Bozman,"very Iffy, changing a password is impossible and why do I need to have a different app to do what could be done in this app??",3,2025-08-19 01:56:20,3,125,Neutral
Daniel Bass,changed email n password won't except or allow to submit the change,1,2025-08-13 23:55:05,0,67,Negative
J R,"Lost 2fa phone after first month. MS wont reload backup on new phone which also is broke like the first replacement and everythiing else these days. Even though ToS CLEARLY says contact property manager and no one else, PM for whatever reason cant. They keep resetting my pw which I've said 10 times is ok, not the issue. its the 2fa auth needing reset or new account? all maint, rent, communication is supposed to be here. With appliances down im sol. Even website is no good.Why is this so hard?",1,2025-08-11 00:04:03,0,497,Negative
Ms. Catherine,"I'd be afraid to use this software. Double payments? Can't schedule it but force you to accept what they want and not when you are paid by your employer? Landlords, your tenants aren't paid monthly as in SSI payments. Appfollio fixes the program if it's causing bank overdrafts against tenants' personal accounts. It's not an honorable thing. I don't want to use you myself.",1,2025-08-09 01:18:28,0,374,Negative
Tikiole Lewis,"Horrible. In app won't show message functions on android. Also I updated my payment info twice, declined.. Bank says Appfolio is still trying to charge my old card. Not recommended.",1,2025-08-08 05:28:08,2,181,Negative
Toby Fitch,can't recognize my email. this really sucks for 3 days now. need to find a better way on line,1,2025-08-05 07:57:10,0,93,Negative
Ken Chandler,Easy to navigate and clear in its design.,5,2025-08-04 22:04:10,9,41,Positive
A Google user,it will not take me to my area,1,2025-08-03 00:47:59,0,30,Negative
Bobbie Preston,I am really confused .you rent a deposit r supposed to b a total of$1177.00 and it says i still owe and the rent insurance charges me over $200 and I don't even want ti insure thru this co.,5,2025-08-02 05:51:28,0,189,Positive
Bruce King,The app serves it purpose,4,2025-08-02 01:57:19,0,25,Positive
Cornell Iyotte,great job!,5,2025-08-01 22:06:02,0,10,Positive
Melissa Stalcup,"unable to log in the app, it keeps saying I have an active account with my email address and once I put my password in it says wrong password or email address. I try to use forget password and when it sends me an email it than states I don't have an account. I am completely frustrated and I only have had this app for 2 days.",1,2025-08-01 06:11:56,5,326,Negative
Jerry Thrift,great,5,2025-07-31 05:00:53,0,5,Positive
Joel Macha,No way to sign up. I get a notice that I have to pay with this days before rent is due and I can't even sign up without contacting the new property manager?,1,2025-07-31 00:37:17,0,156,Negative
Laura Harrell,good user friendly app,5,2025-07-27 10:17:43,0,22,Positive
Rebeca Pulido,"it keeps freezing or is malfunctioning this, app. does anyone else have same or similar issues?",1,2025-07-26 09:31:19,0,95,Negative
Levi Posadas,alwayshaving issueswith the payment double transaction and double fees and support team sucks they never answer by phone or email never this app shoul be report as scam very disappointed.,1,2025-07-24 09:32:27,5,187,Negative
Ed Kiess,sucks,1,2025-07-23 01:21:09,0,5,Negative
Victoria Omotoso,Good,5,2025-07-20 02:50:26,0,4,Positive
Laquetta Swindle,This App Makes It Easier,5,2025-07-17 19:42:10,0,24,Positive
Laura Madsen,really poor unable to track changes,1,2025-07-15 06:36:27,0,35,Negative
Whát Plùg,"the app in no way guides you in the beginning it simply asked me for a email and password I havent even been able to make because I just downloaded the app , then it doesnt let you know how to create one .",1,2025-07-12 00:08:41,4,205,Negative
susan ruthroff,"I'm new user, don't have acct can't find where to register",1,2025-07-11 06:28:19,0,58,Negative
Doreen K Crawford,I like this app because I can auto pay it makes it easy for me so I don't forget to pay,5,2025-07-08 07:10:05,3,87,Positive
B Burg,hard to enter,1,2025-07-07 00:46:09,0,13,Negative
አገልግሎት ዕርቂ Ministry Of Reconciliation,always swift and easy to use. Brilliant,5,2025-07-06 22:05:47,1,39,Positive
Dan Graczyk,bad,1,2025-07-06 20:05:56,0,3,Negative
Cara Hollingsworth,the app largely works smoothly but sometimes my landlords will charge for electricity and water a few days after my regular rent and I won't know because the app never tells me when I have a balance due if it would just send out notifications for when I have a new balance due I wouldn't go from a $50 bill to $100 in late fees cuz I didn't even know i owed anything,3,2025-07-06 05:25:25,4,366,Neutral
Piglet Smith,"my PHONE cannot update, I need to be able to make a payment IMMEDIATELY",1,2025-07-06 01:17:01,0,71,Negative
Tina Masterson,"It's ridiculous , every time you put make a payment , you have to pay ten dollars extra. When your rent is already outrageous, they're trying to get more and more money out of you.Somehow someway.",1,2025-07-05 21:58:10,7,196,Negative
Florence Moody,good,5,2025-07-05 02:31:28,0,4,Positive
teresa johnson,"extremely easy to use, just don't like the $9.99 fee to use it!",5,2025-07-03 23:12:19,24,63,Positive
Sam Wuhib,"this app seems easy when you use it, but after we moved out of our apartment the payment kept going through after we canceled auto pay. that's not safe, and we changed unit and it's very unclear to which unit the payment went to and it hides that. I'd rather not use this. Just do direct auto pay to your bank. cause there is fee charges for every payment you make too!",1,2025-07-03 21:59:27,57,369,Negative
Theresa Killins,good,5,2025-07-03 21:43:08,0,4,Positive
Louis Souza,used to work. now it disappeared,1,2025-07-03 10:02:20,0,32,Negative
M,won't work after the update,1,2025-07-02 03:21:38,0,27,Negative
Keira Carver,the new update claiming to fix bugs only made the app unfunctional. I can't even pay rent now or clink any of the buttons to force another action.,1,2025-07-02 02:30:17,0,146,Negative
German Olan,"Great app, once the correct withdrawal can be worked out. I'm having to make 2 payments monthly since it the app doesn't recognize the full amount. I tried different ways to make it right.",4,2025-07-02 00:26:01,1,188,Positive
Jaden Azariah Trent,"ever since your stupid update this week, I can no longer pay my rent or submit maintenence requests. if I get a late fee cos of this stupid app, I will be suing",1,2025-07-01 23:52:26,1,160,Negative
Aaron Pazzol,app won't open after update,1,2025-07-01 22:45:53,0,27,Negative
Esther Rose Leventin,horrible app!,1,2025-07-01 22:11:21,0,13,Negative
Deborah Beeler,"can't the constant updates , you have to,reenter all info, just update",4,2025-07-01 18:10:01,2,70,Positive
T (S),$10 transaction fee to pay rent every month. Crooks.,1,2025-07-01 17:55:55,0,52,Negative
Luis Sanchez,very good,5,2025-07-01 09:09:58,0,9,Positive
Dennis Kupinski,"Ever since I had to get this app for my apt for 6mnths now , first of the month I have to argue a double charge every time for my garage . Found out its not my apt or corp its the app , I notified and no one can answer . I sure wish you can fix Your problem and not have me get upset with the wrong people..",1,2025-07-01 01:04:06,2,307,Negative
Chester Harrah,excelant app. i use it every month!¡!,5,2025-06-30 21:36:07,0,37,Positive
John Kimick,easy to use.,5,2025-06-30 21:25:00,0,12,Positive
Sasanka Two Moons,good,4,2025-06-30 18:45:30,0,4,Positive
Chung Chiu,Good and effective.,5,2025-06-29 08:02:59,0,19,Positive
Danielle Bishop,"not working since update. now i have to go to a store to pay my rent?! i imagine there will be a fee. now i have to pay to pay my rent?! my property manager said they have been having issues with the app. so, im not the only one who this is effecting. update: working again! thanks for fixing!",4,2025-06-28 23:02:04,4,293,Positive
Ted Ralko,"I don't approve of the language you're using in the platform. Your not clear, concice or transparent. Not very professional. This resulted in a devistating overdraft with my bank and created tremendous frustrating for myself and a very prominent professional real estate agency. I've lost my confidence. I think your rent payment portal is very primitive.",5,2025-06-28 22:48:36,35,355,Positive
Tony Louis,"The app is not working and I'm just noticing this now, this being the first time I've opened the app since the new update. 4 stars because this is the only time I've ever had a problem with the app.",4,2025-06-27 22:06:08,3,198,Positive
Cindy MS.,App updated earlier today and now I can't open the app to pay my rent. Something has gone wrong with the update.,1,2025-06-27 21:24:24,2,112,Negative
Richard McGeehan,very good service,5,2025-06-26 23:02:21,0,17,Positive
Percy Gipson,Great.,5,2025-06-25 09:02:10,0,6,Positive
Aisha Hill,Extremely difficult to access my account because of authentication. Hate that property managers even use this app.,1,2025-06-24 23:40:06,0,114,Negative
Gerald Jackson Jr,top expensive,4,2025-06-24 22:10:44,0,13,Positive
Amina Amadou,helpful,5,2025-06-23 09:48:11,0,7,Positive
Jack Sparrow,makes life less complicated. love the app,5,2025-06-23 03:49:09,0,41,Positive
Terri Walker,trying to link to my chrome Book not working,2,2025-06-23 00:05:07,1,44,Negative
Walter Feltner,cannot install on my computer,1,2025-06-22 23:48:23,0,29,Negative
Felisha Oneal,great daddy,4,2025-06-22 18:00:06,0,11,Positive
andrew millar,Great information for my apartment.,5,2025-06-22 08:14:08,0,35,Positive
Hugh,excellent,5,2025-06-22 04:53:11,0,9,Positive
Angelina Vazquez,terrible. it won't let me put in my card info and pay. on top of that the fees are ridiculous,1,2025-06-21 18:59:55,1,93,Negative
Janet Roberts,Registers My Rent,5,2025-06-21 10:23:52,0,17,Positive
Daaiyah Muhammad,it won't let me pay my rent and I can't get in the app it sucks,5,2025-06-21 07:34:19,0,63,Positive
Manuel Lopez,muy bueno exelente,5,2025-06-18 22:04:53,0,18,Positive
Terrishadonna Evans,love my pplS,5,2025-06-18 19:22:40,0,12,Positive
Sean McMurray,"What was the point of the update? Literally nothing changed, except that I can no longer make the app display in dark mode by using the ""override force dark"" option in the developer options settings. Thanks, that's annoying, and a perfect example of why I hate pointless app updates.",1,2025-06-18 09:05:32,5,283,Negative
David Stallings,"good, quiet building.",3,2025-06-18 07:07:18,0,21,Neutral
erika ervin,Best app ever 👌,5,2025-06-18 05:50:08,0,15,Positive
kim henneck,great way to stay in touch and pay my rent,5,2025-06-17 21:44:22,0,42,Positive
Marty Hadix,Excellent,5,2025-06-17 09:03:02,0,9,Positive
Antonio Watkins,Someone stole money out my account so my payment bounced. Now this a advance payment for the NEXT MONTH. Now I'm no longer allowed to make online payments ever. That's crazy.,1,2025-06-15 05:15:44,1,174,Negative
CORLISS ARD,Rent payment excellent,5,2025-06-15 05:13:27,0,22,Positive
j bolet,Quick and easy payment app.,5,2025-06-13 20:12:37,0,27,Positive
Marilyn Kalemba,App is not user friendly!,1,2025-06-12 10:54:37,1,25,Negative
Frank Incorvaia,What is it give app easy to download and use.,5,2025-06-11 18:31:18,1,45,Positive
Mandie Adams,Works like it's supposed to,5,2025-06-11 15:19:27,0,27,Positive
Raul Suarez,"This app seems to work only in very limited ways in relationship to language needed to explain real world CRE maintenance problems when expressed by actual property residents. It also seems to create false billing numbers. In addition, it seems to automatically delete certain information that in a court of law would imply legal liability to CRE properties owners.",1,2025-06-09 22:33:41,0,365,Negative
Tara,"Lindsay was amazing and so helpful, I definitely recommend Investment Realty",5,2025-06-06 21:18:27,0,76,Positive
Arctic W. Fox,Sleazy app for a sleazy management company.,1,2025-06-05 11:30:44,0,43,Negative
-,"This app is complicit in fraudulent behavior from slumlords. They will attempt to charge junk fees with no way of paying only the rent. Do not use this app, they will forward all your information to debt collectors to harass you with, including your email and phone number. Send rent checks to your landlords legal address",1,2025-06-03 21:49:01,2,322,Negative
Vidal Torres,awsome,5,2025-06-03 14:25:06,0,6,Positive
Nature Lover,it brings up my old apartment from 2 years ago and I can't get on my new apartments account and you know you really need to see what you owe because you can't just trust them,1,2025-06-02 06:16:52,0,174,Negative
Stephania Philippe,it is really good,5,2025-05-28 16:43:29,0,17,Positive
Dean Winder,why do I have to pay a $10 service charge on an app im forced to use.,1,2025-05-28 06:36:34,0,69,Negative
Panvrla White,always being shut off coukdnt make changes property manager allowed to much access they shouldn't be able to make changes to your rental insursnce or stop or change your payment methods also should have way to contact property owner,1,2025-05-24 17:35:19,0,232,Negative
Robert Walker,good,5,2025-05-24 16:03:00,0,4,Positive
Rachel page,really like this app has come in handy for me when I needed it most. will definitely keep on using it.,4,2025-05-24 04:17:50,0,102,Positive
Tina Canning,it's okay,5,2025-05-24 02:23:47,0,9,Positive
Mrs. RodAĺlen Renfro-Self,"apparently, this app saves debit card info even after autopay permission is revoked because a month and 6 days AFTER I removed all my accts and ended permission, smi took an unauthorized amount, nothing to do with rent, which I'd paid already, so be careful. I'm now suing the paint of smi's walls. so. Great app if you want a big settlement.",1,2025-05-21 16:11:46,1,342,Negative
Carolyn Andrews,I'm so glad I finally got back.,5,2025-05-21 04:52:46,0,31,Positive
Marcella Camp,I'm trying to sign up and can't find a place to do that,1,2025-05-20 21:51:12,0,55,Negative
--,Difficult to navigate because it takes forever to load a page. And its widget refuses to go anywhere but my home screen. It's worse than click bait. I did like the format of the maintenance request even though it took almost 3 minutes of butt holing for my request to upload. What I don't like is that it doesn't provide any means to delete account or data. Once entered it becomes the apps property.,1,2025-05-20 08:44:32,17,400,Negative
Derek Daniel,Payments don't post on time 🥵,1,2025-05-16 10:08:26,0,29,Negative
Thomas Ramirez,requests often fail to send,1,2025-05-10 17:52:32,0,27,Negative
Mr Brainz,Easy to use especially for making payments,4,2025-05-10 06:03:59,1,42,Positive
Richard Bachman,all ok for now,4,2025-05-08 09:01:38,0,14,Positive
Crystal Bugbee,great!,5,2025-05-05 23:45:47,0,6,Positive
Derek Vaughan,poor app performance,1,2025-05-03 10:48:56,0,20,Negative
Iliana,easy to use,5,2025-05-03 08:26:30,0,11,Positive
Skyy Simon,love it very convenient,5,2025-05-03 02:34:50,0,23,Positive
Kristin Jucker,half the time my rent payment doesn't show in the app only the splint rent program which I'm not even a part of. not a very user friendly app,1,2025-05-02 20:28:35,1,141,Negative
Nikki Solo,usto love this app to pay my rent but it can't even do that anymore :( completely useless to me now,2,2025-05-01 15:17:17,0,99,Negative
Best Kept Secrets,charge an extra 10.00 for a debit transaction. which I hate because it's not just a 1 time fee if you got to do a split payment,4,2025-04-30 02:00:39,1,127,Positive
Debra Ward,"okay, but the last month online portal was very, very difficult to access.",5,2025-04-30 01:20:23,2,74,Positive
Ree Lomax,quick and easy•,5,2025-04-29 10:28:54,0,15,Positive
Charlene Stanback,very nice,5,2025-04-29 02:44:01,0,9,Positive
Charles,if you're on section 8 I would not recommend renting from this company the standardly try to overcharge you for things you're not supposed to pay for like water I'm on section 8 I'm supposed to pay $176 a month that's it and now my bill's 202 something because they want to charge me for water when it's not in my contract that I have to pay water it says they have to pay the water I'm not paying it I'm at odds with this company I would not recommend anybody ever rent from this place,1,2025-04-27 14:21:43,8,486,Negative
Elise Schmeling,it used to take partial payments and doesn't anymore. I split my rent with somebody else and so how can I pay may portion?,1,2025-04-25 02:01:27,1,122,Negative
rosemarie Caires,Are you kidding me!!!!!  ridiculously difficult,1,2025-04-23 03:12:26,0,47,Negative
Kayla Trautman,"convenient, can pay rent from home, also don't have to worry about keeping receipts etc, payment history is on, online account",4,2025-04-18 12:01:59,6,126,Positive
Nxrdylover,it was fine at first but then I can no longer pay through the app... I now have to go to Walmart or any other store just to pay rent when I can just pay on the app and be done with it especially if you don't have a car,3,2025-04-16 22:35:52,2,218,Neutral
Dean Cohen,Now that I understand how it works it works well. I believe the layout could be a little better but it does what it should and it's very easy to use.,4,2025-04-12 04:10:54,1,149,Positive
zzz zzz,"a 10 dollar fee for every card transaction is beyond exorbitant, greedy, and downright cruel. should be ashamed of yourselves",1,2025-04-12 01:40:23,2,125,Negative
Tremika,"I have a registered account, and it wants to take my password. then when I select forgot password, it tells me my email is not registered. I'm so over this app.",1,2025-04-11 02:58:18,0,160,Negative
SR RS,Having trouble the last few months with connecting with Best Egg flex through the app.,3,2025-04-10 11:50:58,0,86,Neutral
Emma Cobis,very good way to pay my rent on time and not worrying about it not on time.,5,2025-04-09 08:37:06,2,75,Positive
Janita Woods,good,5,2025-04-09 05:25:32,0,4,Positive
Audra V. Walker,Unable to use because I don't have access to the bar code needed to authorize authentication of the app.,1,2025-04-08 15:49:07,0,104,Negative
Pierre E. Moye,"makes it so easy , never late paying again.",5,2025-04-05 05:29:47,0,43,Positive
Alejandro Beltre,"This approach is an effective and efficient way to manage all aspects of your tenancy. It is essential to have reliable professionals on board, and I am very pleased with the quality of management we are receiving. Thank you!",3,2025-04-04 10:43:48,0,225,Neutral
Anthony Smith jr.,idk what kind of management and team runs this app but I've had auto pay set up for months and just got triple payments out on 4/2/2025. disgusting work and it's no customer service for the app to get it fixed or figure out what happened,1,2025-04-03 23:38:41,2,237,Negative
Joseph da Silva,Minimal explanation for me re how to utilize the app. Live representatives enhance customer service.,1,2025-04-03 17:02:52,0,100,Negative
Kristi Baker,"great way for communication with landlords . easy to acquire renters insurance , very easy to pay rent. save yourself some money by connecting to your bank vs debit card",5,2025-04-02 23:16:39,6,169,Positive
Leighton Saxby,"Trying to say rent isn't paid, and threatening late fees and won't let you log in.",1,2025-04-02 22:35:23,0,82,Negative
Shawn Le,Cant even pay rent and transaction fee is $10.00 wow,1,2025-04-02 11:28:06,1,52,Negative
Shawnda Silva,when paying rent you need to pay them an extra 10.00 to pay rent on top of rent,3,2025-04-01 19:02:32,2,79,Neutral
Tonya Woodrome,wonderful,5,2025-03-19 06:13:46,0,9,Positive
J.F.K,good ap,5,2025-03-18 20:24:25,0,7,Positive
Mark Schraps,is not terrible a legitimate review? not to mention fees incurred?,1,2025-03-12 22:16:48,0,66,Negative
Tammy Nash,Doesn't have a space to note what payment is for,3,2025-03-12 18:56:19,0,48,Neutral
Brittney Warren,App not working. Can't get past login screen smh,1,2025-03-11 18:53:04,1,48,Negative
Ken,You can't pay online,1,2025-03-10 15:50:28,0,20,Negative
Teresa Ann Martindale (Teri),Expensive,2,2025-03-10 13:32:42,1,9,Negative
Denese Daniels,Well I'm trying to find out my payment and what I have to do,5,2025-03-08 18:54:28,0,60,Positive
Gordon Phipps,Tells me my setup incomplete AND password wrong. Wasted my coffee break and half hr lunch trying to fix it for NOTHING! I give up.,1,2025-03-08 02:30:32,1,130,Negative
Leroy Lewis,The app still shows I owe a security deposit for my new home but I paid that many days before it was due.,3,2025-03-06 22:25:34,0,105,Neutral
LadieDred “Spiggie”,It doesn't allow you to split the bill in a roommate situation,3,2025-03-05 00:57:03,0,62,Neutral
Larry Johnston,You can't create a new account,1,2025-03-04 22:37:32,0,30,Negative
Garbage Raccoon,"I pay on time or early every month, and a few days later it always shows a $0.00 balance yet claims there are past due charges.",1,2025-03-04 03:59:57,5,127,Negative
Eleanor Pettway-Ramsey,Easy to use,5,2025-03-01 15:22:39,0,11,Positive
Jacob Foster,Very easy to use,5,2025-03-01 06:35:34,0,16,Positive
Wallace Ayers,Worst experience imaginable,1,2025-02-27 13:21:48,0,27,Negative
Stan Payne,"This is a great app to work with your landlord, property manager or HOA. You can use it to pay and manage rent, request maintenance, renew your lease and etc.",4,2025-02-26 08:26:27,0,158,Positive
Rachel Lasich,"Ever since the upgrade, I can't log in. I try to reset my password and I get an email which takes me back to the app telling me to enter my email address to reset my password.",1,2025-02-25 15:15:00,4,175,Negative
Dalton Elleman,Unusable after I moved. I moved and the new landlord also uses Appfolio. The app will not let me update who I am renting from. Thankfully my fiancee can log in on her phone but if we move again I guess we'll not be able to rent from someone with this app.,1,2025-02-24 04:57:57,3,255,Negative
Jesse Sadler,i suffer from a tbi and cant ever get to where i need to always having to enter a new password when i click remember me device it dont at all and not sure if itd s the same insurce every one gets the same or not but google and u developers need to make chrome book and this store easier to manage for down loadinh g not sure if its the tbi but i hate googlr storfe and this appwortst part of me day,2,2025-02-24 01:06:57,2,398,Negative
Sara Bear,Scam company.,1,2025-02-22 17:48:43,0,13,Negative
Michelle Glover,Convenient,5,2025-02-20 10:04:47,0,10,Positive
Greg Williford,"Tracy Copeland says 🤗 hello all welcome to comfortable living thank you My intelligent awesome delightful and Always on task 😉. She is a CEO , run it, office Skatpack . If compared to power. Jessica makes a better community. Thanks again from TLC",5,2025-02-20 07:28:49,0,246,Positive
Natasha Adams,It just shows a blank screen. Can't pay rent or put in maintenance issue with a blank screen,1,2025-02-20 01:58:19,3,92,Negative
Robyn Grant,"Maintenance request,you can make one,speak to them but nothing results.no call back,front office isn't open when it's posted to be,so you call the maintenance number which is useless.called because water was coming thru the window frame and looking on the floor and sill,no response.says push 1 for English,that's a joke,you speak to someone who's English is probably a third language at best.totally useless",2,2025-02-16 08:42:10,3,408,Negative
sarah wekesa,Amazing,5,2025-02-16 03:47:56,0,7,Positive
Jim Kelly,Needs other more convenient way to contact property management by email or text.,1,2025-02-14 20:53:21,2,80,Negative
Judy Hall,"The app needs work. It makes paying bills hard as a result my bills are always overdue! Makes it impossible to confirm information, because when you do it asks for information it already has, over and over.",1,2025-02-13 14:48:47,3,206,Negative
A J,AWFUL This app and site are SO SLOW with a ton of error messages It took me 20+ minutes to reset my password. I've had it for less than a week and I'm so over it. The website is no better 🤦🏻‍♀️,1,2025-02-13 08:22:23,4,193,Negative
Kebebew Tilahun,What a none sense take advantage by any chance they got .,1,2025-02-12 20:12:16,0,57,Negative
Loleta G,it sucks,1,2025-02-11 04:36:31,0,8,Negative
Hon Ondieki Manganga,My account is not opening,4,2025-02-07 06:04:02,0,25,Positive
Brandi Horner,They charge WAY TOO MUCH for each use of this app!!!,1,2025-02-03 01:30:45,0,52,Negative
Lindseyy Renee,With the economy you can't buy a house these days with the interest rate so everyone is forced to live in apartments with high rent and then to have these apps that charge you money to make a payment... Easy to make a free app or let apartment managers let you get a money order and drop it in the mailbox at the front door like they used to this is ridiculous.... Technology is not a good thing this is a rip-off.... With all their fees it add $8 or more on my rent... Rent Cafe is 1 percent better,1,2025-01-29 05:40:46,4,499,Negative
Mathew Harris,stupid and irrelevant,1,2025-01-28 02:59:37,0,21,Negative
carter grenewicz,Terrible service fee.,1,2025-01-26 02:28:43,0,21,Negative
Patty Shulman,Easy to follow,5,2025-01-24 00:13:26,0,14,Positive
Tyler,"Why can't I set a recurring payment based on day of the week instead of only by date? Being able to set a payment every 25th of the month or whatever is useless for spacing out payments. There should absolutely be a recurring payment option for ever week, two week, four weeks, etc. Most people get paid based on day of the week (every other Friday, etc) not based on date. It is very confusing and frustrating that the only option is a recurring date.",1,2025-01-20 23:56:10,165,452,Negative
James Lyons,"Another App using HIDDEN ADVERTISING TRACKERS stealing, using and sharing your personal data for profit and to shove more ads in your face. Bugsnag and Optimizely are running behind the scenes in this app grabbing every bit of data they can to send you unwanted ads. 843 times in just a very short 20 minutes these companies attempted to extract my personal online activity. No option to opt out! Appfolio refers to these companies as Partners. Shameless. it's been 2 weeks and no reply!",1,2025-01-19 01:31:08,10,487,Negative
Anthony Cintron,"This is the worst app/website in the entire history of apps/websites. I work for a company that uses appfolio for our work orders and I'm trying to sign into my account and it keeps telling me I need to verify my email again. I AM NOT RECIEVING ANY EMAILS FROM APPFOLIO!!! I had this same problem when my owner was sending me the invite link to sign up for the service. My email is working fine, as I am getting emails from other people, but none from appfolio! I cant do my work if I can't get in!",1,2025-01-17 22:21:54,47,498,Negative
Lewis Stjulian,Easy,5,2025-01-16 03:33:28,0,4,Positive
Dakotah Kennedy,"The app was working great until the past two months my card isn't working anymore, my bank said my card was fine and the property management i go through said nothing wrong on their end?... I've tried everything logging out and uninstall and reinstalled the app. Nothing working.",1,2025-01-14 21:22:31,3,279,Negative
Jason Jeffrey,The first 3 months things were pretty good and simple but for the last few days every time I open the app it sends me to my web browser and opens a web page that shows an Error Message. I tried to sign in using the browser but it doesn't recognize my login information. I'm not sure what else I can do and this is the only way to pay my rent.,1,2025-01-09 12:08:06,9,342,Negative
Nicholas Jordan,Therse no way to sign up this is terrible,1,2025-01-07 01:36:17,0,41,Negative
Naveed Ali Ali,On,5,2025-01-06 11:47:56,0,2,Positive
Debbie Michaels,I'm able to check on my balance and how much my rent is due.,4,2025-01-05 01:18:39,0,60,Positive
Chonte Finch,You won't let me to log into giving me a eero,1,2025-01-01 21:45:08,0,45,Negative
